url_actual,url_nueva,accion,confianza,nota
"/marcas/afnan/afnan-afnan-9pm-night-out-eau-de-parfum-100-ml","/marcas/afnan/9pm-night-out","301","alta","slug limpio"
"/marcas/afnan/afnan-afnan-9am-dive-eau-de-parfum-100-ml","/marcas/afnan/9am-dive","301","alta","slug limpio"
"/marcas/afnan/afnan-afnan-9pm-elixir-eau-de-parfum-100-ml","/marcas/afnan/9pm-elixir","301","alta","slug limpio"
"/marcas/afnan/afnan-afnan-9pm-rebel-eau-de-parfum-100-ml","/marcas/afnan/9pm-rebel","301","alta","slug limpio"
"/marcas/afnan/afnan-afnan-turathi-blue-eau-de-parfum-90-ml","/marcas/afnan/turathi-blue","301","alta","slug limpio"
"/marcas/afnan/afnan-afnan-9pm-rebel-luxury-set","/marcas/afnan/9pm-rebel-luxury-set","301","alta","slug limpio"
"/marcas/afnan/afnan-afnan-9pm-eau-de-parfum-100-ml","/marcas/afnan/9pm","301","alta","slug limpio"
"/marcas/al-haramain/al-haramain-al-haramain-amber-oud-aqua-dubai-eau-de-parfum-100-ml","/marcas/al-haramain/amber-oud-aqua-dubai","301","alta","slug limpio"
"/marcas/al-haramain/al-haramain-al-haramain-amber-oud-dubai-night-eau-de-parfum-100-ml","/marcas/al-haramain/amber-oud-dubai-night","301","alta","slug limpio"
"/marcas/al-haramain/al-haramain-al-haramain-amber-oud-gold-edition-eau-de-parfum-120-ml","/marcas/al-haramain/amber-oud-gold-edition","301","alta","slug limpio"
"/marcas/al-haramain/al-haramain-al-haramain-amber-oud-gold-999-9-dubai-edition-eau-de-parfum-100-ml","/marcas/al-haramain/amber-oud-gold-999-9-dubai-edition","301","alta","slug limpio"
"/marcas/armaf/armaf-armaf-odyssey-aqua-edition-eau-de-parfum-100-ml","/marcas/armaf/odyssey-aqua-edition","301","alta","slug limpio"
"/marcas/armaf/armaf-armaf-odyssey-limoni-fresh-edition-eau-de-parfum-100-ml","/marcas/armaf/odyssey-limoni-fresh-edition","301","alta","slug limpio"
"/marcas/armaf/armaf-armaf-club-de-nuit-intense-man-eau-de-toilette-105-ml","/marcas/armaf/club-de-nuit-intense-man","301","alta","slug limpio"
"/marcas/armaf/armaf-armaf-club-de-nuit-maleka-eau-de-parfum-105-ml","/marcas/armaf/club-de-nuit-maleka","301","alta","slug limpio"
"/marcas/armaf/armaf-armaf-club-de-nuit-sillage-eau-de-parfum-105-ml","/marcas/armaf/club-de-nuit-sillage","301","alta","slug limpio"
"/marcas/armaf/armaf-armaf-club-de-nuit-urban-man-elixir-eau-de-parfum-105-ml","/marcas/armaf/club-de-nuit-urban-man-elixir","301","alta","slug limpio"
"/marcas/armaf/armaf-armaf-odyssey-mandarin-sky-eau-de-parfum-100-ml","/marcas/armaf/odyssey-mandarin-sky","301","alta","slug limpio"
"/marcas/armaf/armaf-armaf-odyssey-homme-white-edition-eau-de-parfum-100-ml","/marcas/armaf/odyssey-homme-white-edition","301","alta","slug limpio"
"/marcas/armaf/armaf-armaf-odyssey-mega-man-eau-de-parfum-100-ml","/marcas/armaf/odyssey-mega-man","301","alta","slug limpio"
"/marcas/armaf/armaf-armaf-yum-yum-eau-de-parfum-100-ml","/marcas/armaf/yum-yum","301","alta","slug limpio"
"/marcas/armaf/armaf-armaf-club-de-nuit-untold-eau-de-parfum-105-ml","/marcas/armaf/club-de-nuit-untold","301","alta","slug limpio"
"/marcas/armaf/armaf-armaf-club-de-nuit-iconic-eau-de-parfum-105-ml","/marcas/armaf/club-de-nuit-iconic","301","alta","slug limpio"
"/marcas/azzaro/azzaro-azzaro-the-most-wanted-intense-eau-de-parfum-100-ml","/marcas/azzaro/the-most-wanted-intense","301","alta","slug limpio"
"/marcas/azzaro/azzaro-azzaro-wanted-the-most-parfum-100-ml","/marcas/azzaro/wanted-the-most-parfum","301","alta","slug limpio"
"/marcas/bharara/bharara-bharara-king-chocolate-eau-de-parfum-100-ml","/marcas/bharara/king-chocolate","301","alta","slug limpio"
"/marcas/bharara/bharara-bharara-king-eau-de-parfum-100-ml","/marcas/bharara/king","301","alta","slug limpio"
"/marcas/carolina-herrera/carolina-herrera-carolina-herrera-212-vip-black-elixir-eau-de-parfum-100-ml","/marcas/carolina-herrera/212-vip-black-elixir","301","alta","slug limpio"
"/marcas/carolina-herrera/carolina-herrera-carolina-herrera-212-vip-men-eau-de-toilette-100-ml","/marcas/carolina-herrera/212-vip-men","301","alta","slug limpio"
"/marcas/chanel/chanel-chanel-allure-homme-sport-eau-de-toilette-100-ml","/marcas/chanel/allure-homme-sport","301","alta","slug limpio"
"/marcas/french-avenue/french-avenue-french-avenue-liquid-brun-eau-de-parfum-100-ml","/marcas/french-avenue/liquid-brun","301","alta","slug limpio"
"/marcas/french-avenue/french-avenue-french-avenue-vulcan-feu-eau-de-parfum-100-ml","/marcas/french-avenue/vulcan-feu","301","alta","slug limpio"
"/marcas/french-avenue/french-avenue-french-avenue-aether-extrait-de-parfum-100-ml","/marcas/french-avenue/aether","301","alta","slug limpio"
"/marcas/giorgio-armani/giorgio-armani-giorgio-armani-acqua-di-gio-parfum-100-ml","/marcas/giorgio-armani/acqua-di-gio-parfum","301","alta","slug limpio"
"/marcas/emporio-armani/emporio-armani-emporio-armani-stronger-with-you-intensely-eau-de-parfum-100-ml","/marcas/emporio-armani/stronger-with-you-intensely","301","alta","slug limpio"
"/marcas/hugo-boss/hugo-boss-hugo-boss-boss-bottled-eau-de-parfum-100-ml","/marcas/hugo-boss/boss-bottled","301","alta","slug limpio"
"/marcas/jean-paul-gaultier/jean-paul-gaultier-jean-paul-gaultier-le-beau-paradise-garden-eau-de-parfum-125-ml","/marcas/jean-paul-gaultier/le-beau-paradise-garden","301","alta","slug limpio"
"/marcas/jean-paul-gaultier/jean-paul-gaultier-jean-paul-gaultier-le-male-elixir-parfum-125-ml","/marcas/jean-paul-gaultier/le-male-elixir-parfum","301","alta","slug limpio"
"/marcas/jean-paul-gaultier/jean-paul-gaultier-jean-paul-gaultier-scandal-absolu-pour-homme-parfum-concentre-100-ml","/marcas/jean-paul-gaultier/scandal-absolu-pour-homme-parfum-concentre","301","alta","slug limpio"
"/marcas/jean-paul-gaultier/jean-paul-gaultier-jean-paul-gaultier-scandal-intense-eau-de-parfum-100-ml","/marcas/jean-paul-gaultier/scandal-intense","301","alta","slug limpio"
"/marcas/jean-paul-gaultier/jean-paul-gaultier-jean-paul-gaultier-scandal-pour-homme-le-parfum-100-ml","/marcas/jean-paul-gaultier/scandal-pour-homme-le-parfum","301","alta","slug limpio"
"/marcas/jean-paul-gaultier/jean-paul-gaultier-jean-paul-gaultier-scandal-pour-homme-eau-de-toilette-100-ml","/marcas/jean-paul-gaultier/scandal-pour-homme","301","alta","slug limpio"
"/marcas/lattafa/lattafa-lattafa-angham-eau-de-parfum-100-ml","/marcas/lattafa/angham","301","alta","slug limpio"
"/marcas/lattafa/lattafa-lattafa-atlas-eau-de-parfum-55-ml","/marcas/lattafa/atlas","301","alta","slug limpio"
"/marcas/lattafa/lattafa-lattafa-bade-e-al-oud-amethyst-eau-de-parfum-100-ml","/marcas/lattafa/badee-al-oud-amethyst","301","alta","slug limpio"
"/marcas/lattafa/lattafa-lattafa-fakhar-platinum-eau-de-parfum-100-ml","/marcas/lattafa/fakhar-platinum","301","alta","slug limpio"
"/marcas/lattafa/lattafa-lattafa-fakhar-rose-eau-de-parfum-100-ml","/marcas/lattafa/fakhar-rose","301","alta","slug limpio"
"/marcas/lattafa/lattafa-lattafa-hayaati-al-maleky-eau-de-parfum-100-ml","/marcas/lattafa/hayaati-al-maleky","301","alta","slug limpio"
"/marcas/lattafa/lattafa-lattafa-hayaati-florence-eau-de-parfum-100-ml","/marcas/lattafa/hayaati-florence","301","alta","slug limpio"
"/marcas/lattafa/lattafa-lattafa-her-confession-eau-de-parfum-100-ml","/marcas/lattafa/her-confession","301","alta","slug limpio"
"/marcas/lattafa/lattafa-lattafa-khamrah-dukhan-eau-de-parfum-100-ml","/marcas/lattafa/khamrah-dukhan","301","alta","slug limpio"
"/marcas/lattafa/lattafa-lattafa-yara-tous-eau-de-parfum-100-ml","/marcas/lattafa/yara-tous","301","alta","slug limpio"
"/marcas/lattafa/lattafa-lattafa-afeef-eau-de-parfum-100-ml","/marcas/lattafa/afeef","301","alta","slug limpio"
"/marcas/lattafa/lattafa-lattafa-asad-bourbon-eau-de-parfum-100-ml","/marcas/lattafa/asad-bourbon","301","alta","slug limpio"
"/marcas/lattafa/lattafa-lattafa-asad-zanzibar-eau-de-parfum-100-ml","/marcas/lattafa/asad-zanzibar","301","alta","slug limpio"
"/marcas/lattafa/lattafa-lattafa-eclaire-eau-de-parfum-100-ml","/marcas/lattafa/eclaire","301","alta","slug limpio"
"/marcas/lattafa/lattafa-lattafa-emeer-eau-de-parfum-100-ml","/marcas/lattafa/emeer","301","alta","slug limpio"
"/marcas/lattafa/lattafa-lattafa-fakhar-gold-extrait-eau-de-parfum-100-ml","/marcas/lattafa/fakhar-gold-extrait","301","alta","slug limpio"
"/marcas/lattafa/lattafa-lattafa-fakhar-eau-de-parfum-for-men-100-ml","/marcas/lattafa/fakhar-for-men","301","alta","slug limpio"
"/marcas/lattafa/lattafa-lattafa-hayaati-eau-de-parfum-100-ml","/marcas/lattafa/hayaati","301","alta","slug limpio"
"/marcas/lattafa/lattafa-lattafa-his-confession-eau-de-parfum-100-ml","/marcas/lattafa/his-confession","301","alta","slug limpio"
"/marcas/lattafa/lattafa-lattafa-honor-glory-eau-de-parfum-100-ml","/marcas/lattafa/honor-glory","301","alta","slug limpio"
"/marcas/lattafa/lattafa-lattafa-khamrah-qahwa-eau-de-parfum-100-ml","/marcas/lattafa/khamrah-qahwa","301","alta","slug limpio"
"/marcas/lattafa/lattafa-lattafa-maahir-legacy-eau-de-parfum-100-ml","/marcas/lattafa/maahir-legacy","301","alta","slug limpio"
"/marcas/lattafa/lattafa-lattafa-mayar-cherry-intense-eau-de-parfum-100-ml","/marcas/lattafa/mayar-cherry-intense","301","alta","slug limpio"
"/marcas/lattafa/lattafa-lattafa-mayar-eau-de-parfum-100-ml","/marcas/lattafa/mayar","301","alta","slug limpio"
"/marcas/lattafa/lattafa-lattafa-musamam-white-intense-eau-de-parfum-100-ml","/marcas/lattafa/musamam-white-intense","301","alta","slug limpio"
"/marcas/lattafa/lattafa-lattafa-musamam-eau-de-parfum-100-ml","/marcas/lattafa/musamam","301","alta","slug limpio"
"/marcas/lattafa/lattafa-lattafa-noble-blush-eau-de-parfum-100-ml","/marcas/lattafa/noble-blush","301","alta","slug limpio"
"/marcas/lattafa/lattafa-lattafa-bade-e-al-oud-oud-for-glory-eau-de-parfum-100-ml","/marcas/lattafa/badee-al-oud-oud-for-glory","301","alta","slug limpio"
"/marcas/lattafa/lattafa-lattafa-pisa-eau-de-parfum-100-ml","/marcas/lattafa/pisa","301","alta","slug limpio"
"/marcas/lattafa/lattafa-lattafa-asad-eau-de-parfum-100-ml","/marcas/lattafa/asad","301","alta","slug limpio"
"/marcas/lattafa/lattafa-lattafa-qaed-al-fursan-eau-de-parfum-90-ml","/marcas/lattafa/qaed-al-fursan","301","alta","slug limpio"
"/marcas/lattafa/lattafa-lattafa-qaed-al-fursan-untamed-eau-de-parfum-90-ml","/marcas/lattafa/qaed-al-fursan-untamed","301","alta","slug limpio"
"/marcas/lattafa/lattafa-lattafa-rave-now-women-eau-de-parfum-100-ml","/marcas/lattafa/rave-now-women","301","alta","slug limpio"
"/marcas/lattafa/lattafa-lattafa-sehr-eau-de-parfum-100-ml","/marcas/lattafa/sehr","301","alta","slug limpio"
"/marcas/lattafa/lattafa-lattafa-bade-e-al-oud-sublime-eau-de-parfum-100-ml","/marcas/lattafa/badee-al-oud-sublime","301","alta","slug limpio"
"/marcas/lattafa/lattafa-lattafa-the-kingdom-eau-de-parfum-100-ml","/marcas/lattafa/the-kingdom","301","alta","slug limpio"
"/marcas/lattafa/lattafa-lattafa-winners-trophy-silver-eau-de-parfum-100-ml","/marcas/lattafa/winners-trophy-silver","301","alta","slug limpio"
"/marcas/lattafa/lattafa-lattafa-yara-candy-eau-de-parfum-100-ml","/marcas/lattafa/yara-candy","301","alta","slug limpio"
"/marcas/lattafa/lattafa-lattafa-yara-rose-eau-de-parfum-100-ml","/marcas/lattafa/yara-rose","301","alta","slug limpio"
"/marcas/lattafa/lattafa-lattafa-mayar-natural-intense-eau-de-parfum-100-ml","/marcas/lattafa/mayar-natural-intense","301","alta","slug limpio"
"/marcas/lattafa/lattafa-lattafa-liam-blue-shine-eau-de-parfum-100-ml","/marcas/lattafa/liam-blue-shine","301","alta","slug limpio"
"/marcas/lattafa/lattafa-lattafa-the-kingdom-for-women-eau-de-parfum-100-ml","/marcas/lattafa/the-kingdom-for-women","301","alta","slug limpio"
"/marcas/lattafa/lattafa-lattafa-khamrah-eau-de-parfum-100-ml","/marcas/lattafa/khamrah","301","alta","slug limpio"
"/marcas/maison-alhambra/maison-alhambra-maison-alhambra-jean-lowe-immortel-eau-de-parfum-100-ml","/marcas/maison-alhambra/jean-lowe-immortel","301","alta","slug limpio"
"/marcas/maison-alhambra/maison-alhambra-maison-alhambra-maitre-de-blue-eau-de-parfum-100-ml","/marcas/maison-alhambra/maitre-de-blue","301","alta","slug limpio"
"/marcas/maison-alhambra/maison-alhambra-maison-alhambra-philos-pura-eau-de-parfum-100-ml","/marcas/maison-alhambra/philos-pura","301","alta","slug limpio"
"/marcas/maison-alhambra/maison-alhambra-maison-alhambra-rose-seduction-eau-de-parfum-100-ml","/marcas/maison-alhambra/rose-seduction","301","alta","slug limpio"
"/marcas/maison-alhambra/maison-alhambra-maison-alhambra-salvo-elixir-eau-de-parfum-100-ml","/marcas/maison-alhambra/salvo-elixir","301","alta","slug limpio"
"/marcas/maison-alhambra/maison-alhambra-maison-alhambra-yeah-man-eau-de-parfum-100-ml","/marcas/maison-alhambra/yeah-man","301","alta","slug limpio"
"/marcas/maison-alhambra/maison-alhambra-maison-alhambra-sceptre-malachite-eau-de-parfum-100-ml","/marcas/maison-alhambra/sceptre-malachite","301","alta","slug limpio"
"/marcas/maison-alhambra/maison-alhambra-maison-alhambra-salvo-eau-de-parfum-100-ml","/marcas/maison-alhambra/salvo","301","alta","slug limpio"
"/marcas/maison-alhambra/maison-alhambra-maison-alhambra-salvo-intense-eau-de-parfum-100-ml","/marcas/maison-alhambra/salvo-intense","301","alta","slug limpio"
"/marcas/maison-alhambra/maison-alhambra-maison-alhambra-forbidden-love-eau-de-parfum-30-ml","/marcas/maison-alhambra/forbidden-love","301","alta","slug limpio"
"/marcas/maison-alhambra/maison-alhambra-maison-alhambra-kismet-for-women-eau-de-parfum-30-ml","/marcas/maison-alhambra/kismet-for-women","301","alta","slug limpio"
"/marcas/maison-alhambra/maison-alhambra-maison-alhambra-la-rouge-baroque-extreme-30-ml","/marcas/maison-alhambra/la-rouge-baroque-extreme","301","alta","slug limpio"
"/marcas/maison-alhambra/maison-alhambra-maison-alhambra-pink-velvet-eau-de-parfum-30-ml","/marcas/maison-alhambra/pink-velvet","301","alta","slug limpio"
"/marcas/maison-alhambra/maison-alhambra-maison-alhambra-la-rouge-baroque-eau-de-parfum-30-ml","/marcas/maison-alhambra/la-rouge-baroque","301","alta","slug limpio"
"/marcas/maison-alhambra/maison-alhambra-maison-alhambra-pink-shimmer-secret-eau-de-parfum-30-ml","/marcas/maison-alhambra/pink-shimmer-secret","301","alta","slug limpio"
"/marcas/moschino/moschino-moschino-toy-boy-eau-de-parfum-100-ml","/marcas/moschino/toy-boy","301","alta","slug limpio"
"/marcas/paco-rabanne/paco-rabanne-paco-rabanne-1-million-eau-de-toilette-100-ml","/marcas/paco-rabanne/1-million","301","alta","slug limpio"
"/marcas/paco-rabanne/paco-rabanne-paco-rabanne-black-xs-eau-de-toilette-100-ml","/marcas/paco-rabanne/black-xs","301","alta","slug limpio"
"/marcas/paco-rabanne/paco-rabanne-rabanne-phantom-intense-eau-de-parfum-intense-100-ml","/marcas/paco-rabanne/phantom-intense","301","alta","slug limpio"
"/marcas/paco-rabanne/paco-rabanne-paco-rabanne-invictus-eau-de-toilette-100-ml","/marcas/paco-rabanne/invictus","301","alta","slug limpio"
"/marcas/rasasi/rasasi-rasasi-hawas-elixir-eau-de-parfum-100-ml","/marcas/rasasi/hawas-elixir","301","alta","slug limpio"
"/marcas/rasasi/rasasi-rasasi-hawas-fire-eau-de-parfum-100-ml","/marcas/rasasi/hawas-fire","301","alta","slug limpio"
"/marcas/rasasi/rasasi-rasasi-hawas-for-her-eclat-eau-de-parfum-100-ml","/marcas/rasasi/hawas-for-her-eclat","301","alta","slug limpio"
"/marcas/rasasi/rasasi-rasasi-hawas-malibu-eau-de-parfum-100-ml","/marcas/rasasi/hawas-malibu","301","alta","slug limpio"
"/marcas/rasasi/rasasi-rasasi-hawas-ice-eau-de-parfum-100-ml","/marcas/rasasi/hawas-ice","301","alta","slug limpio"
"/marcas/rasasi/rasasi-rasasi-hawas-tropical-eau-de-parfum-100-ml","/marcas/rasasi/hawas-tropical","301","alta","slug limpio"
"/marcas/rasasi/rasasi-rasasi-hawas-for-him-eau-de-parfum-100-ml","/marcas/rasasi/hawas-for-him","301","alta","slug limpio"
"/marcas/stallion-53/stallion-53-stallion-53-eau-de-parfum-100-ml","/marcas/stallion-53/stallion-53","301","alta","slug limpio"
"/marcas/stallion-53/stallion-53-stallion-53-mandora-100-ml","/marcas/stallion-53/mandora","301","alta","slug limpio"
"/marcas/valentino-uomo/valentino-uomo-valentino-uomo-born-in-roma-eau-de-toilette-100-ml","/marcas/valentino-uomo/born-in-roma","301","alta","slug limpio"
"/marcas/versace/versace-versace-dylan-blue-eau-de-toilette-100-ml","/marcas/versace/dylan-blue","301","alta","slug limpio"
"/marcas/versace/versace-versace-eros-flame-eau-de-parfum-100-ml","/marcas/versace/eros-flame","301","alta","slug limpio"
"/marcas/versace/versace-versace-eros-parfum-100-ml","/marcas/versace/eros-parfum","301","alta","slug limpio"
"/marcas/xerjoff/xerjoff-xerjoff-erba-pura-eau-de-parfum-100-ml","/marcas/xerjoff/erba-pura","301","alta","slug limpio"
"/marcas/xerjoff/xerjoff-xerjoff-naxos-eau-de-parfum-100-ml","/marcas/xerjoff/naxos","301","alta","slug limpio"
"/marcas/yves-saint-laurent/yves-saint-laurent-yves-saint-laurent-y-le-parfum-100-ml","/marcas/yves-saint-laurent/y-le-parfum","301","alta","slug limpio"
"/marcas/zakat-parfums/zakat-parfums-zakat-parfums-world-cup-vip-eau-de-parfum-100-ml","/marcas/zakat-parfums/world-cup-vip","301","alta","slug limpio"
"/marcas/riiffs/riiffs-riiffs-momento-extrait-de-parfum-100-ml","/marcas/riiffs/momento","301","alta","slug limpio"
"/marcas/victoria-s-secret/victoria-s-secret-victoria-s-secret-aqua-kiss-body-splash-250ml","/marcas/victorias-secret/aqua-kiss-body-splash","301","alta","slug limpio"
"/marcas/victoria-s-secret/victoria-s-secret-victoria-s-secret-coconut-passion-body-splash-250ml","/marcas/victorias-secret/coconut-passion-body-splash","301","alta","slug limpio"
"/marcas/victoria-s-secret/victoria-s-secret-victoria-s-secret-velvet-petals-body-splash-250ml","/marcas/victorias-secret/velvet-petals-body-splash","301","alta","slug limpio"
"/marcas/victoria-s-secret/victoria-s-secret-victoria-s-secret-bare-vanilla-body-splash-250ml","/marcas/victorias-secret/bare-vanilla-body-splash","301","alta","slug limpio"
"/marcas/victoria-s-secret","/marcas/victorias-secret","301","alta","slug de marca"
"/","/","conservar","alta","home"
"/contacto","/contacto","conservar","alta","página a crear en la tienda"
"/productos/afnan","/marcas/afnan","301","alta","marca"
"/productos/alharamain","/marcas/al-haramain","301","alta","marca"
"/productos/arabes","/perfumes-arabes","301","alta","categoría TiendaNegocio"
"/productos/armaf","/marcas/armaf","301","alta","marca"
"/productos/azzaro","/marcas/azzaro","301","alta","marca"
"/productos/bharara","/marcas/bharara","301","alta","marca"
"/productos/biensplash","/marcas/victorias-secret","301","revisar (body splash)","categoría TiendaNegocio"
"/productos/carolinaherrera","/marcas/carolina-herrera","301","alta","marca"
"/productos/chanel","/marcas/chanel","301","alta","marca"
"/productos/disenador","/perfumes-de-disenador","301","alta","categoría TiendaNegocio"
"/productos/emporioarmani","/marcas/emporio-armani","301","alta","marca"
"/productos/femenino","/perfumes-para-mujer","301","revisar (página a crear en la tienda)","categoría TiendaNegocio"
"/productos/femenino3","/perfumes-para-mujer","301","revisar (página a crear en la tienda)","categoría TiendaNegocio"
"/productos/frenchavenue","/marcas/french-avenue","301","alta","marca"
"/productos/giorgioarmani","/marcas/giorgio-armani","301","alta","marca"
"/productos/hugoboss","/marcas/hugo-boss","301","alta","marca"
"/productos/jeanpaulgaultier","/marcas/jean-paul-gaultier","301","alta","marca"
"/productos/lattafa","/marcas/lattafa","301","alta","marca"
"/productos/maisonalhambra","/marcas/maison-alhambra","301","alta","marca"
"/productos/marcas","/marcas","301","alta (página índice de marcas a crear en la tienda)","categoría TiendaNegocio"
"/productos/masculino","/perfumes-para-hombre","301","revisar (página a crear en la tienda)","categoría TiendaNegocio"
"/productos/masculino3","/perfumes-para-hombre","301","revisar (página a crear en la tienda)","categoría TiendaNegocio"
"/productos/moschino","/marcas/moschino","301","alta","marca"
"/productos/pacorabanne","/marcas/paco-rabanne","301","alta","marca"
"/productos/perfumes-arabes","/perfumes-arabes","301","alta","categoría TiendaNegocio"
"/productos/perfumesdedisenador","/perfumes-de-disenador","301","alta","categoría TiendaNegocio"
"/productos/rasasi","/marcas/rasasi","301","alta","marca"
"/productos/rassasi","/marcas/rasasi","301","alta","categoría TiendaNegocio"
"/productos/riffs","/marcas/riiffs","301","alta","categoría TiendaNegocio"
"/productos/stallion53","/marcas/stallion-53","301","alta","categoría TiendaNegocio"
"/productos/unisex","/perfumes-unisex","301","revisar (página a crear en la tienda)","categoría TiendaNegocio"
"/productos/unisex3","/perfumes-unisex","301","revisar (página a crear en la tienda)","categoría TiendaNegocio"
"/productos/valentinouomo","/marcas/valentino-uomo","301","alta","marca"
"/productos/versace","/marcas/versace","301","alta","marca"
"/productos/victoriasecret","/","301","revisar","sin equivalente"
"/productos/victoriassecret1","/marcas/victorias-secret","301","alta","categoría TiendaNegocio"
"/productos/xerjoff","/marcas/xerjoff","301","alta","marca"
"/productos/yvessaintlaurent","/marcas/yves-saint-laurent","301","alta","marca"
"/productos/zakat","/marcas/zakat-parfums","301","alta","categoría TiendaNegocio"
"/producto/afnan-9pm-night-out-100ml","/marcas/afnan/9pm-night-out","301","alta","Afnan 9PM Night Out Eau de Parfum 100 ml"
"/producto/afnan-9am-dive-100ml","/marcas/afnan/9am-dive","301","alta","Afnan 9AM Dive Eau de Parfum 100 ml"
"/producto/afnan-9pm-100ml","/marcas/afnan/9pm","301","alta","Afnan 9PM Eau de Parfum 100 ml"
"/producto/afnan-9pm-elixir-100ml","/marcas/afnan/9pm-elixir","301","alta","Afnan 9PM Elixir Eau de Parfum 100 ml"
"/producto/afnan-9pm-rebel-100ml","/marcas/afnan/9pm-rebel","301","alta","Afnan 9PM Rebel Eau de Parfum 100 ml"
"/producto/afnan-turathi-blue-90ml","/marcas/afnan/turathi-blue","301","alta","Afnan Turathi Blue Eau de Parfum 90 ml"
"/producto/al-haramain-amber-oud-aqua-dubai-100ml","/marcas/al-haramain/amber-oud-aqua-dubai","301","alta","Al Haramain Amber Oud Aqua Dubai Eau de Parfum 100 ml"
"/producto/al-haramain-amber-oud-dubai-night-100ml","/marcas/al-haramain/amber-oud-dubai-night","301","alta","Al Haramain Amber Oud Dubai Night Eau de Parfum 100 ml"
"/producto/al-haramain-amber-oud-gold-edition-120ml","/marcas/al-haramain/amber-oud-gold-edition","301","alta","Al Haramain Amber Oud Gold Edition Eau de Parfum 120 ml"
"/producto/al-haramain-amber-oud-gold-999-9-dubai-edition-100ml","/marcas/al-haramain/amber-oud-gold-999-9-dubai-edition","301","alta","Al Haramain Amber Oud Gold 999.9 Dubai Edition Eau de Parfum 100 ml"
"/producto/armaf-club-de-nuit-iconic-105ml","/marcas/armaf/club-de-nuit-iconic","301","alta","Armaf Club de Nuit Iconic Eau de Parfum 105 ml"
"/producto/armaf-odyssey-aqua-edition-100ml","/marcas/armaf/odyssey-aqua-edition","301","alta","Armaf Odyssey Aqua Edition Eau de Parfum 100 ml"
"/producto/armaf-odyssey-limoni-fresh-edition-100ml","/marcas/armaf/odyssey-limoni-fresh-edition","301","alta","Armaf Odyssey Limoni Fresh Edition Eau de Parfum 100 ml"
"/producto/armaf-club-de-nuit-intense-man-105ml","/marcas/armaf/club-de-nuit-intense-man","301","alta","Armaf Club de Nuit Intense Man Eau de Toilette 105 ml"
"/producto/armaf-club-de-nuit-maleka-105ml","/marcas/armaf/club-de-nuit-maleka","301","alta","Armaf Club de Nuit Maleka Eau de Parfum 105 ml"
"/producto/armaf-club-de-nuit-sillage-105ml","/marcas/armaf/club-de-nuit-sillage","301","alta","Armaf Club de Nuit Sillage Eau de Parfum 105 ml"
"/producto/armaf-club-de-nuit-untold-105ml","/marcas/armaf/club-de-nuit-untold","301","alta","Armaf Club de Nuit Untold Eau de Parfum 105 ml"
"/producto/armaf-club-de-nuit-urban-man-elixir-105ml","/marcas/armaf/club-de-nuit-urban-man-elixir","301","alta","Armaf Club de Nuit Urban Man Elixir Eau de Parfum 105 ml"
"/producto/armaf-odyssey-mandarin-sky-100ml","/marcas/armaf/odyssey-mandarin-sky","301","alta","Armaf Odyssey Mandarin Sky Eau de Parfum 100 ml"
"/producto/armaf-odyssey-homme-white-edition-100ml","/marcas/armaf/odyssey-homme-white-edition","301","alta","Armaf Odyssey Homme White Edition Eau de Parfum 100 ml"
"/producto/armaf-odyssey-mega-man-100ml","/marcas/armaf/odyssey-mega-man","301","alta","Armaf Odyssey Mega Man Eau de Parfum 100 ml"
"/producto/armaf-yum-yum-100ml","/marcas/armaf/yum-yum","301","alta","Armaf Yum Yum Eau de Parfum 100 ml"
"/producto/azzaro-the-most-wanted-intense-100ml","/marcas/azzaro/the-most-wanted-intense","301","alta","Azzaro The Most Wanted Intense Eau de Parfum 100 ml"
"/producto/azzaro-wanted-the-most-parfum-100ml","/marcas/azzaro/wanted-the-most-parfum","301","alta","Azzaro Wanted The Most Parfum 100 ml"
"/producto/bharara-king-chocolate-100ml","/marcas/bharara/king-chocolate","301","alta","Bharara King Chocolate Eau de Parfum 100 ml"
"/producto/bharara-king-100ml","/marcas/bharara/king","301","alta","Bharara King Eau de Parfum 100 ml"
"/producto/carolina-herrera-212-vip-black-elixir-100ml","/marcas/carolina-herrera/212-vip-black-elixir","301","alta","Carolina Herrera 212 VIP Black Elixir Eau de Parfum 100 ml"
"/producto/carolina-herrera-212-vip-men-100ml","/marcas/carolina-herrera/212-vip-men","301","alta","Carolina Herrera 212 VIP Men Eau de Toilette 100 ml"
"/producto/chanel-allure-homme-sport-100ml","/marcas/chanel/allure-homme-sport","301","alta","Chanel Allure Homme Sport Eau de Toilette 100 ml"
"/producto/french-avenue-liquid-brun-100ml","/marcas/french-avenue/liquid-brun","301","alta","French Avenue Liquid Brun Eau de Parfum 100 ml"
"/producto/french-avenue-vulcan-feu-100ml","/marcas/french-avenue/vulcan-feu","301","alta","French Avenue Vulcan Feu Eau de Parfum 100 ml"
"/producto/giorgio-armani-acqua-di-gio-parfum-100ml","/marcas/giorgio-armani/acqua-di-gio-parfum","301","alta","Giorgio Armani Acqua di Giò Parfum 100 ml"
"/producto/emporio-armani-stronger-with-you-intensely-100ml","/marcas/emporio-armani/stronger-with-you-intensely","301","alta","Emporio Armani Stronger With You Intensely Eau de Parfum 100 ml"
"/producto/hugo-boss-boss-bottled-100ml","/marcas/hugo-boss/boss-bottled","301","alta","Hugo Boss Boss Bottled Eau de Parfum 100 ml"
"/producto/jean-paul-gaultier-le-beau-paradise-garden-125ml","/marcas/jean-paul-gaultier/le-beau-paradise-garden","301","alta","Jean Paul Gaultier Le Beau Paradise Garden Eau de Parfum 125 ml"
"/producto/jean-paul-gaultier-le-male-elixir-125ml","/marcas/jean-paul-gaultier/le-male-elixir-parfum","301","media","Jean Paul Gaultier Le Male Elixir Parfum 125 ml"
"/producto/jean-paul-gaultier-scandal-absolu-pour-homme-100ml","/marcas/jean-paul-gaultier/scandal-absolu-pour-homme-parfum-concentre","301","media","Jean Paul Gaultier Scandal Absolu Pour Homme Parfum Concentré 100 ml"
"/producto/jean-paul-gaultier-scandal-intense-100ml","/marcas/jean-paul-gaultier/scandal-intense","301","alta","Jean Paul Gaultier Scandal Intense Eau de Parfum 100 ml"
"/producto/jean-paul-gaultier-scandal-pour-homme-100ml","/marcas/jean-paul-gaultier/scandal-pour-homme","301","alta","Jean Paul Gaultier Scandal Pour Homme Eau de Toilette 100 ml"
"/producto/jean-paul-gaultier-scandal-pour-homme-le-parfum-100ml","/marcas/jean-paul-gaultier/scandal-pour-homme-le-parfum","301","alta","Jean Paul Gaultier Scandal Pour Homme Le Parfum 100 ml"
"/producto/lattafa-angham-100ml","/marcas/lattafa/angham","301","alta","Lattafa Angham Eau de Parfum 100 ml"
"/producto/lattafa-atlas-55ml","/marcas/lattafa/atlas","301","alta","Lattafa Atlas Eau de Parfum 55 ml"
"/producto/lattafa-badee-al-oud-amethyst-100ml","/marcas/lattafa/badee-al-oud-amethyst","301","alta","Lattafa Bade'e Al Oud Amethyst Eau de Parfum 100 ml"
"/producto/lattafa-fakhar-platinum-100ml","/marcas/lattafa/fakhar-platinum","301","alta","Lattafa Fakhar Platinum Eau de Parfum 100 ml"
"/producto/lattafa-fakhar-rose-100ml","/marcas/lattafa/fakhar-rose","301","alta","Lattafa Fakhar Rose Eau de Parfum 100 ml"
"/producto/lattafa-hayaati-al-maleky-100ml","/marcas/lattafa/hayaati-al-maleky","301","alta","Lattafa Hayaati Al Maleky Eau de Parfum 100 ml"
"/producto/lattafa-hayaati-florence-100ml","/marcas/lattafa/hayaati-florence","301","alta","Lattafa Hayaati Florence Eau de Parfum 100 ml"
"/producto/lattafa-her-confession-100ml","/marcas/lattafa/her-confession","301","alta","Lattafa Her Confession Eau de Parfum 100 ml"
"/producto/lattafa-khamrah-dukhan-100ml","/marcas/lattafa/khamrah-dukhan","301","alta","Lattafa Khamrah Dukhan Eau de Parfum 100 ml"
"/producto/lattafa-yara-tous-100ml","/marcas/lattafa/yara-tous","301","alta","Lattafa Yara Tous Eau de Parfum 100 ml"
"/producto/lattafa-afeef-100ml","/marcas/lattafa/afeef","301","alta","Lattafa Afeef Eau de Parfum 100 ml"
"/producto/lattafa-asad-bourbon-100ml","/marcas/lattafa/asad-bourbon","301","alta","Lattafa Asad Bourbon Eau de Parfum 100 ml"
"/producto/lattafa-asad-100ml","/marcas/lattafa/asad","301","alta","Lattafa Asad Eau de Parfum 100 ml"
"/producto/lattafa-asad-zanzibar-100ml","/marcas/lattafa/asad-zanzibar","301","alta","Lattafa Asad Zanzibar Eau de Parfum 100 ml"
"/producto/lattafa-eclaire-100ml","/marcas/lattafa/eclaire","301","alta","Lattafa Eclaire Eau de Parfum 100 ml"
"/producto/lattafa-emeer-100ml","/marcas/lattafa/emeer","301","alta","Lattafa Emeer Eau de Parfum 100 ml"
"/producto/lattafa-fakhar-gold-extrait-100ml","/marcas/lattafa/fakhar-gold-extrait","301","alta","Lattafa Fakhar Gold Extrait Eau de Parfum 100 ml"
"/producto/lattafa-fakhar-for-men-100ml","/marcas/lattafa/fakhar-for-men","301","alta","Lattafa Fakhar Eau de Parfum for Men 100 ml"
"/producto/lattafa-hayaati-100ml","/marcas/lattafa/hayaati","301","alta","Lattafa Hayaati Eau de Parfum 100 ml"
"/producto/lattafa-his-confession-100ml","/marcas/lattafa/his-confession","301","alta","Lattafa His Confession Eau de Parfum 100 ml"
"/producto/lattafa-honor-and-glory-100ml","/marcas/lattafa","301","revisar","producto no encontrado en el catálogo (¿Lattafa Honor & Glory Eau de Parfum 100 ml?)"
"/producto/lattafa-khamrah-100ml","/marcas/lattafa/khamrah","301","alta","Lattafa Khamrah Eau de Parfum 100 ml"
"/producto/lattafa-khamrah-qahwa-100ml","/marcas/lattafa/khamrah-qahwa","301","alta","Lattafa Khamrah Qahwa Eau de Parfum 100 ml"
"/producto/lattafa-maahir-legacy-100ml","/marcas/lattafa/maahir-legacy","301","alta","Lattafa Maahir Legacy Eau de Parfum 100 ml"
"/producto/lattafa-mayar-cherry-intense-100ml","/marcas/lattafa/mayar-cherry-intense","301","alta","Lattafa Mayar Cherry Intense Eau de Parfum 100 ml"
"/producto/lattafa-mayar-100ml","/marcas/lattafa/mayar","301","alta","Lattafa Mayar Eau de Parfum 100 ml"
"/producto/lattafa-musamam-white-intense-100ml","/marcas/lattafa/musamam-white-intense","301","alta","Lattafa Musamam White Intense Eau de Parfum 100 ml"
"/producto/lattafa-musamam-100ml","/marcas/lattafa/musamam","301","alta","Lattafa Musamam Eau de Parfum 100 ml"
"/producto/lattafa-noble-blush-100ml","/marcas/lattafa/noble-blush","301","alta","Lattafa Noble Blush Eau de Parfum 100 ml"
"/producto/lattafa-badee-al-oud-oud-for-glory-100ml","/marcas/lattafa/badee-al-oud-oud-for-glory","301","alta","Lattafa Bade'e Al Oud Oud for Glory Eau de Parfum 100 ml"
"/producto/lattafa-pisa-100ml","/marcas/lattafa/pisa","301","alta","Lattafa Pisa Eau de Parfum 100 ml"
"/producto/lattafa-qaed-al-fursan-90ml","/marcas/lattafa/qaed-al-fursan","301","alta","Lattafa Qaed Al Fursan Eau de Parfum 90 ml"
"/producto/lattafa-qaed-al-fursan-untamed-90ml","/marcas/lattafa/qaed-al-fursan-untamed","301","alta","Lattafa Qaed Al Fursan Untamed Eau de Parfum 90 ml"
"/producto/lattafa-rave-now-women-100ml","/marcas/lattafa/rave-now-women","301","alta","Lattafa Rave Now Women Eau de Parfum 100 ml"
"/producto/lattafa-sehr-100ml","/marcas/lattafa/sehr","301","alta","Lattafa Sehr Eau de Parfum 100 ml"
"/producto/lattafa-badee-al-oud-sublime-100ml","/marcas/lattafa/badee-al-oud-sublime","301","alta","Lattafa Bade'e Al Oud Sublime Eau de Parfum 100 ml"
"/producto/lattafa-the-kingdom-100ml","/marcas/lattafa/the-kingdom","301","alta","Lattafa The Kingdom Eau de Parfum 100 ml"
"/producto/lattafa-winners-trophy-silver-100ml","/marcas/lattafa/winners-trophy-silver","301","alta","Lattafa Winners Trophy Silver Eau de Parfum 100 ml"
"/producto/lattafa-yara-candy-100ml","/marcas/lattafa/yara-candy","301","alta","Lattafa Yara Candy Eau de Parfum 100 ml"
"/producto/lattafa-yara-rose-100ml","/marcas/lattafa/yara-rose","301","alta","Lattafa Yara Rose Eau de Parfum 100 ml"
"/producto/lattafa-mayar-natural-intense-100ml","/marcas/lattafa/mayar-natural-intense","301","alta","Lattafa Mayar Natural Intense Eau de Parfum 100 ml"
"/producto/lattafa-liam-blue-shine-100ml","/marcas/lattafa/liam-blue-shine","301","alta","Lattafa Liam Blue Shine Eau de Parfum 100 ml"
"/producto/lattafa-the-kingdom-for-women-100ml","/marcas/lattafa/the-kingdom-for-women","301","alta","Lattafa The Kingdom for Women Eau de Parfum 100 ml"
"/producto/maison-alhambra-jean-lowe-immortel-100ml","/marcas/maison-alhambra/jean-lowe-immortel","301","alta","Maison Alhambra Jean Lowe Immortel Eau de Parfum 100 ml"
"/producto/maison-alhambra-maitre-de-blue-100ml","/marcas/maison-alhambra/maitre-de-blue","301","alta","Maison Alhambra Maître de Blue Eau de Parfum 100 ml"
"/producto/maison-alhambra-philos-pura-100ml","/marcas/maison-alhambra/philos-pura","301","alta","Maison Alhambra Philos Pura Eau de Parfum 100 ml"
"/producto/maison-alhambra-rose-seduction-100ml","/marcas/maison-alhambra/rose-seduction","301","alta","Maison Alhambra Rose Seduction Eau de Parfum 100 ml"
"/producto/maison-alhambra-salvo-100ml","/marcas/maison-alhambra/salvo","301","alta","Maison Alhambra Salvo Eau de Parfum 100 ml"
"/producto/maison-alhambra-salvo-elixir-100ml","/marcas/maison-alhambra/salvo-elixir","301","alta","Maison Alhambra Salvo Elixir Eau de Parfum 100 ml"
"/producto/maison-alhambra-salvo-intense-100ml","/marcas/maison-alhambra/salvo-intense","301","alta","Maison Alhambra Salvo Intense Eau de Parfum 100 ml"
"/producto/maison-alhambra-yeah-man-100ml","/marcas/maison-alhambra/yeah-man","301","alta","Maison Alhambra Yeah! Man Eau de Parfum 100 ml"
"/producto/maison-alhambra-sceptre-malachite-100ml","/marcas/maison-alhambra/sceptre-malachite","301","alta","Maison Alhambra Sceptre Malachite Eau de Parfum 100 ml"
"/producto/moschino-toy-boy-100ml","/marcas/moschino/toy-boy","301","alta","Moschino Toy Boy Eau de Parfum 100 ml"
"/producto/paco-rabanne-1-million-100ml","/marcas/paco-rabanne/1-million","301","alta","Paco Rabanne 1 Million Eau de Toilette 100 ml"
"/producto/paco-rabanne-black-xs-100ml","/marcas/paco-rabanne/black-xs","301","alta","Paco Rabanne Black XS Eau de Toilette 100 ml"
"/producto/paco-rabanne-invictus-100ml","/marcas/paco-rabanne/invictus","301","alta","Paco Rabanne Invictus Eau de Toilette 100 ml"
"/producto/rabanne-phantom-intense-100ml","/marcas/paco-rabanne/phantom-intense","301","revisar","parecido 0.90: Rabanne Phantom Intense Eau de Parfum Intense 100 ml"
"/producto/rasasi-hawas-elixir-100ml","/marcas/rasasi/hawas-elixir","301","alta","Rasasi Hawas Elixir Eau de Parfum 100 ml"
"/producto/rasasi-hawas-fire-100ml","/marcas/rasasi/hawas-fire","301","alta","Rasasi Hawas Fire Eau de Parfum 100 ml"
"/producto/rasasi-hawas-for-her-eclat-100ml","/marcas/rasasi/hawas-for-her-eclat","301","alta","Rasasi Hawas for Her Eclat Eau de Parfum 100 ml"
"/producto/rasasi-hawas-malibu-100ml","/marcas/rasasi/hawas-malibu","301","alta","Rasasi Hawas Malibu Eau de Parfum 100 ml"
"/producto/rasasi-hawas-for-him-100ml","/marcas/rasasi/hawas-for-him","301","alta","Rasasi Hawas for Him Eau de Parfum 100 ml"
"/producto/rasasi-hawas-ice-100ml","/marcas/rasasi/hawas-ice","301","alta","Rasasi Hawas Ice Eau de Parfum 100 ml"
"/producto/stallion-53-100ml","/marcas/stallion-53/stallion-53","301","revisar","parecido 0.95: Stallion 53 Eau de Parfum 100 ml"
"/producto/valentino-uomo-born-in-roma-100ml","/marcas/valentino-uomo/born-in-roma","301","alta","Valentino Uomo Born in Roma Eau de Toilette 100 ml"
"/producto/versace-dylan-blue-100ml","/marcas/versace/dylan-blue","301","alta","Versace Dylan Blue Eau de Toilette 100 ml"
"/producto/versace-eros-flame-100ml","/marcas/versace/eros-flame","301","alta","Versace Eros Flame Eau de Parfum 100 ml"
"/producto/versace-eros-parfum-100ml","/marcas/versace/eros-parfum","301","alta","Versace Eros Parfum 100 ml"
"/producto/xerjoff-erba-pura-100ml","/marcas/xerjoff/erba-pura","301","alta","Xerjoff Erba Pura Eau de Parfum 100 ml"
"/producto/xerjoff-naxos-100ml","/marcas/xerjoff/naxos","301","alta","Xerjoff Naxos Eau de Parfum 100 ml"
"/producto/yves-saint-laurent-y-le-parfum-100ml","/marcas/yves-saint-laurent/y-le-parfum","301","alta","Yves Saint Laurent Y Le Parfum 100 ml"
"/producto/zakat-parfums-world-cup-vip-100ml","/marcas/zakat-parfums/world-cup-vip","301","alta","Zakat Parfums World Cup VIP Eau de Parfum 100 ml"
"/producto/riiffs-momento-100ml","/marcas/riiffs/momento","301","alta","Riiffs Momento Extrait de Parfum 100 ml"
"/producto/french-avenue-aether-100ml","/marcas/french-avenue/aether","301","alta","French Avenue Aether Extrait de Parfum 100 ml"
"/producto/maison-alhambra-forbidden-love-30ml","/marcas/maison-alhambra/forbidden-love","301","alta","Maison Alhambra Forbidden Love Eau de Parfum 30 ml "
"/producto/maison-alhambra-kismet-for-women-30ml","/marcas/maison-alhambra/kismet-for-women","301","alta","Maison Alhambra Kismet For Women Eau de Parfum 30 ml"
"/producto/maison-alhambra-la-rouge-baroque-extreme-30ml","/marcas/maison-alhambra/la-rouge-baroque-extreme","301","alta","Maison Alhambra La Rouge Baroque Extreme 30 ml"
"/producto/maison-alhambra-pink-velvet-30ml","/marcas/maison-alhambra/pink-velvet","301","alta","Maison Alhambra Pink Velvet Eau de Parfum 30 ml"
"/producto/maison-alhambra-la-rouge-baroque-30ml","/marcas/maison-alhambra/la-rouge-baroque","301","alta","Maison Alhambra La Rouge Baroque Eau de Parfum 30 ml"
"/producto/stallion-53-mandora-100ml","/marcas/stallion-53/mandora","301","alta","Stallion 53 Mandora 100 ml"
"/producto/victorias-secret-aqua-kiss-250ml","/marcas/victorias-secret/aqua-kiss-body-splash","301","media","Victoria's Secret Aqua Kiss Body Splash 250ml"
"/producto/victorias-secret-bare-vanilla-250ml","/marcas/victorias-secret/bare-vanilla-body-splash","301","media","Victoria's Secret Bare Vanilla Body Splash 250ml"
"/producto/victorias-secret-coconut-passion-250ml","/marcas/victorias-secret/coconut-passion-body-splash","301","media","Victoria's Secret Coconut Passion Body Splash 250ml"
"/producto/victorias-secret-velvet-petals-250ml","/marcas/victorias-secret/velvet-petals-body-splash","301","media","Victoria's Secret Velvet Petals Body Splash 250ml"
"/producto/maison-alhambra-pink-shimmer-secret-30ml","/marcas/maison-alhambra/pink-shimmer-secret","301","alta","Maison Alhambra Pink Shimmer Secret Eau de Parfum 30 ml"
"/producto/rasasi-hawas-tropical-100ml","/marcas/rasasi/hawas-tropical","301","alta","Rasasi Hawas Tropical Eau de Parfum 100 ml"
"/producto/afnan-9pm-rebel-luxury-set","/marcas/afnan/9pm-rebel-luxury-set","301","alta","Afnan 9PM Rebel Luxury Set"
"/producto/supremacy-collectors-edition-edp","/marcas/afnan","301","revisar","producto no encontrado en el catálogo"
"/producto/rasasi-hawas-majestic-100ml","/marcas/rasasi","301","revisar","producto no encontrado en el catálogo (¿Rasasi Hawas Ice Eau de Parfum 100 ml?)"
"/producto/rasasi-hawas-for-him-overdose-100ml","/marcas/rasasi","301","revisar","producto no encontrado en el catálogo (¿Rasasi Hawas for Him Eau de Parfum 100 ml?)"
